"","V1"
"1","PK"
"2",""
"3","IHDR"
"4","642s_}l/_M.q*."
"5","/a4tkpFH)tG|3aƸ1?"
"6","2_=((uIlm>~ʳiYV|>T=""L2"
"7",",PF@c"
"8","(wK4]GrXdJS_}"
"9","b"
"10","5T:/>ڽF5+W/<{®[./*څe"
"11","yL3^]ޥЙ8ǯfzjL&>rA-2@ZuiqwpHPUQg+"
"12","}p?U\.rv4ʕt*Ո-)}vf-f\/Ңܴg!=3?͇A::{"
"13","w7̛^L3qk4"
"14",",Z~A!e૪+"
"15","5`*fpF3}Yqx<V-R픉'I<ܤY~>֤toC'x"""
"16","˥R_u҅*"
"17","AN~A&:Z"
"18","j~5j*ţE4_[W.:ݗ_9zblvV?r:+)ȱv6WPn88׃""ap/ص7mBr$'H$O$a"
"19","K[?}'m_mv*!L56aװR.qJJǢRYΝr>ݹfcGFeemӏW2m36tn.y(;Rȣiܴmhˢ"
"20",")=DIAH]]]4:[MxR_"
"21",">Dɚ[Txk2j"
"22","|"
"23",""
"24",""
"25","_a`'T$"
"26","Ngu+x)4v*W]emU*j"
"27","3\-(2L^k0lyrLؼN@XAP!"
"28","jhXk4,l`"";^B!/sT""99;M7"
"29","\"
"30","J"
"31",">H(+/pQPI$J[jHYΐ"
"32","A~03+_-Њ"
"33","0$X&a"""
"34",".JtD"
"35","Lq"
"36","j4wR="
"37","xR."
"38",""""
"39","Hr"
"40","QQ-hס"
"41","&&&49l+Vxܽڶ.~S"
"42","p:%b:{lw*,i䂌O>>K;}/WuxM"
"43","޳9Mqt̀W"
"44","{)),v^"
"45","[hXɳZ?~U|1|=N6d`5aNmeǎ͚IV"
"46","xbqΝңmN6]#V3w+nV\R64c{[e/[ov\xѳXNcxq
&pK+mzˋ4~ݚsÝ#o7K+ƛ+59^8#VrȳO>'/mnw%Jd5ǍJ<Ϳ׉G@y4#}ɘy`*A}t/OѵӃ/>ٴkֲi	j5x&>"
"47","Zvh皔E+W/qm{w䣟(7D"
"48","a>Ru)O>U\rQki-0/"
"49","8ŉSWJϫX?;dغl"
"50","RZ7H"
"51","C}y8톆7eRǻ'ΞۼtYj0Wh"
"52","?WT@HMTY"
"53","5oΥ>BWP]E&Ŏ"
"54","D"
"55","rvI~$n"
"56","Ke[nڹ/'
<&&//RPZp`u_]Q[b򚨁D2m37/$T\@2X<e]E&byO_]=͸̬,IbטFک.
Ipx㧈DRL&(sXJxd)Ԁ{HD
!/B5ɤRb$$5s,Mͭ"
"57","b"
"58","JUT*qD""&(BE},A]4*D&,&|""FP(0"
"59","@![$b@ӊc"
"60","2"
"61","cfV-T)A4BAx,"
"62","z"")4:FB.LTT*9';Җâ"
"63","Ү_[>`p&7_oJ"
"64","'?"
"65","abk7zuĝkFzgD@n}^x!Cxؑ.gPEMl<r}.b~iN]Dۚ˫Ƕ.QɎqIVCv8vCW\~ĉ2dԓDv/?ǏSVV"
"66","6sG&m+xa1gNf.gx-$Ӄ"
"67","FuȭEeo{x9̫"
"68","BR4lA"
"69","1L/ުiU"
"70","AOn^ɔHsFX-qm[0yxUUuT>mB??<|tB<`"
"71","g8{"
"72","ӈ!"
"73","Ө"
"74","p6?~Q{mWb)5eV7"
"75","e/GƝK+m|%{"
"76","4Ӿ.oVֿimL["
"77","!V$߻wRaJA2dش_xRFW\8"
"78","gYc&"
"79","e_G'*~@D""Qh*ĝ՟HS5i=Y@_,ey\by;7cg;]V4(7^!moUIK&Jo|F66$N}υK"
"80","5`!kSǏW:yQI$IzNnL:9;;b"
"81","ip8:̃{o)W("
"82","oв"
"83","J"
"84","Td*J1""]PH4'G&"
"85","=bI"
"86","?"
"87","{$jYZۃ@19fSPT~QCD""1*_P(,8FlUVD""L105%BxOO\"
"88","xQY`&3Z恲Um%Z"
"89","YڨsLDv"
"90","jEZa@D2:pmFYlp""+2LPh""Day`Y%}!;?/مT2I{t=ʜQ}˯)"
"91","|&ѺtL%˳F0H3Vڊä}xm`kzAQ^pwfzD9_I"
"92","l""$Jŋ_t"
"93","սxrڅw1cVUUCk"
"94","r>;;C0h!mqQ۞1v씨ϝֲ߬ء;rǮ؀q{~mԄ11$*Cx8tZWDKF+0pgaR8vћwO^|ɣ{`"
"95","㧯6O)o"
"96","<h1c"
"97","=x97~<L%=x];vvDDX[nDáFRݾs4]ʢDPL%"
"98",""
"99","i\ޮcc"
"100","OYdaHZH7N~RNlR2A9i%kwNRY;DM"
"101","#?@ER*u^ y¤9KUƏ"
"102","רã"
"103","9Q"
"104","|դHں=FRѢ,l=
(5aN-BgMGYo
"
"105","ش'"
"106",":򜛴_L5ߜ)s>"
"107","n9osG\}ْd*EB\NV)^4fv~"
"108","!eQ2AvW<,C&@5F_yey)k7U0M햭X$If"
"109","۳Kk>0y~܆\9UQZ]9sŪɶVH5[_پkXRw{9\|Ɇ=[""3GfbiW%$hq}xcFԣo׷g.gSS̜=_󩣂^fQ""N>)eÆҲҗ.߰+O]2y֘ҒRL6&_AJuێ'zcvϔ)Zz3ޝl"
"110","DN$F+A""txLW;2S)$o6Ov2"
"111",""
"112","*˪!Agu֓CSfz"
"113","Et96ݷ԰騥_'o<.(faݺ!ע.;6ashn̓(58;Z_*"
"114","A)ᛟKVo|Q}Nn>>ypP+8"
"115",""
"116","[?5.bjkf4nv.ڻ6vHd4&W/-cJRMܭo|ĝ7W("
"117","xW-?cV/r'(͋YCJM4$/rVUJ)ŜTjT*R(DJ^GZ4"
"118","mO%hjf^ZZ/O"
"119","˧O2:k"
"120","@U%%'{گqp/Yr8Ǣ)!JfTR4ow""~Svj;_1._b@R~YN}"
"121","s'R];zc"
"122","r3$7h̴of1A3tVee"
"123","Bdr"
"124",";}~~JHpy7}~N24nT:"
"125","ӽl߭/e0iZ9ō!'a=з۶D8!Y_lk"
"126","sctظmlCԠ"
"127","+cjrc,]Yw]]b4^T"
"128","OHxPd:+-""CfUD""tX""hoV0%<?"
"129","ͻs≔7DYo>uwO}:(F[oGc_!"
"130","-4"
"131","asJZN"
"132","+׮YߦaM""8942a҂y9t,8sxp'k9@Ź_7n;!a-cgE"":v""IT&Cj%T~zǊE=~6^SQܝ8>>iFR̹a5N"
"133","{d.]jƥ~uIaxIJ=($ٳ/\ʹ"
"134","jqIC"
"135","5""l[l4Z\ϾC}}Gt޴].\AmSt9%Fk'C[E9&%<}sg;{g"
"136","37~O"
"137","q@66>_smMMV2?I~9.F"
"138","lү2_ancZ"
"139","d'N1oOv[zU9́[Fwxq@TKF3s&56$Zmpkך>X!E]a=-&IQL.]<*~5"
"140","kggm&**"
"141","q_7""v|Ҹ-1E<y"
"142","C5+r.«fΖ8`[LWN{KMCd""P(cB!?VNV_n"
"143","&9ouBMY!v9jгgP[;(v8C:|x8""cu~"
"144","lRW0_AnQ;ƞ"
"145","$Bf*@DB%Cʽ֪֒*h뚪E7L^zNn[E""Q"
"146","]!X9=Q[Y=HaO-0APrpqJ%f4"
"147",""
"148","z"
"149","vv;SGV6[ANF@ih9fWdVhbdYJ"
"150","]E,L04*\k5jPc"
"151","}^rz0%!'0Iݱyoh~ݿɯݸSF|ᜟ<L6؞Mgާ18mJ.Y8RX[9sxǍ/Af+ڱ~UC<l^GΚE%"
"152","֗%g0</a}Ķ¬wq3R=X<Is.$..և!o0!yY1{xv^m-/<ש=1Ij춅M՗~æ:ZO[{ϊKZ(*gԇiB4jIKW؁kfչMmY$"
"153","FT^IBMԶv^.xtٽyp`Y"
"154","h[(3Y_R_A9:٫cGS9f̹oքūB"
"155","Ll_1-34s9V=9vPg)[n9U"
"156","8Ǐ7nG.e_OpA""""T*FFd/*,՞mN<"
"157","T"
"158","5፩վaqc.y͏mqjuykַ"
"159","߿shSSʔ)>qM(18"
"160","Tc`L{y%eՕxތy㦰r~`f!4"
"161","B4:"
"162","}QV\:bH"
"163","?|p͛(ϟ"
"164","6NM7'F<{yWn'Uw@"
"165","̭lFa,%&)&p"
"166","Ţ=n߰"
"167","jR~xu;M9ScWAH5_|zmom22"
"168","qέo:?7f5R-Nl"
"169","^Nӟ8{E.1'n@A.x_`"
"170","L$Ҩ@fo^?=q$hQt%9>xkՃG۵n.9u(7ρqϡ4Ch2qɓn8)*:J""D'Tߌ߹"
"171","c}N<cNbbӖfߑ"
"172","f]zקCv**޻`""NPW/|!铧23o^""w:l}g;M;f"
"173","DLa3"
"174","L&E9"
"175","P9C!ׯɉc&Ʉ"
"176","D|gw>Z4Y8}2k^>~h<>'w=ͻm[5SǏZN69gZF2GT2*M0kHA64ڕw''%;ptM._enצ%Uxc%O$2݋G޳t"
"177","?w*ڵk;͞2$@hQGAٳQ_LSR!޵kאD61ڭ;f6N"
"178","D$TiaDIRʕĊPȉD2֐D$4jڌϋۢ+"
"179","UH4.ըH[F"
"180","b-]44c+tn_'i"
"181","xuZQO&e9"
"182","Yڤ3s>F^@=WiuJ2h@"
"183","q8&JDQ^yV"
"184","BkH%RDUJD*333G:JԙOgБ"
"185","2l+L.C%0F,/*sq`)R5l[KN:Ov,:N[]i`|HY?D,NiGF%ZY:߻ã/:ܼhPώ"
"186","iUEY5m}X]ڻ8C+eioJepnhel_5Kd}z:{3G}vn7p҉ichNӥuQ"
"187","lw"
"188","hd*Tut|ѩ߾|{MDNdYTIg.;""VY^p15v6cWTGW5O"
"189","aDݽ}UV=okFG"
"190","u|iH"
"191","5"
"192","FM:5"
"193","pw*]}9~rG]vyY◟"
"194","ӖojεIq2@"
"195","哩2k"
"196","9޾cWwZǯ>B4*3W7FEr3.LEٽmkI,ӍWwhǒǏ?ĕWO2.K=fJ)g%Q9{w"
"197","Z^y]Xhؐ!eYo5١S|a%kvȔXgj=j&aVsբ+m,MS'ED5w考Ta""ì{3GOk:d2?;9LIQ"
"198",""
"199","PkToL=_V)ئdΎmC܍nW8V&ѩ}(x~goVl֩]vVSh-v$m9w66Ikd(OA"
"200","yM}ɞ\1`r{2%n*v]0ئMVYtamopUvTE487ToԈP"
"201","ȕ>FQAa_M!45ҵ~q^~؅H,DJH$b"
"202","q!"
"203","7Nn^&,PrCJ.-./rv4"
"204","vB7@ڵ0eT"
"205","i9bI@6$b"
"206","61im;o<ttvo{ua"
"207","R}HA++W,!_y~ǑvAΓǌq?s>ɦQ"
"208","dGڪUCڰd"
"209","b^9H-&+V=JÐb3b"
"210","{""""F++*O'&?{i1yhˏƏda1ci5jTF$""9O[SˉqO=;c"
"211","ט>l"
"212","Sigf4j\ڎ-'hՁDx6F"
"213","3,f$N"
"214","?߿d;Z̬@0tWY4(9O""7"
"215","l5=1[\o{ZןO^Ȃ;DO}nA)_w"
"216",";_zfѪJE"
"217","Ho8֯`m""m\G"
"218","gB*쉄ѽnݽ>%!(_˶ݖ@"
"219","d21AZ_/~I"
"220","ko\R(%jDMؙ^"
"221",""
"222","G`T׬9z$!q<ЩC9"
"223","uEYs.uJ=}2v*?jM-{6kZr1b"
"224","Vc~FRfviqLa?jzHki|ܮٺ/"
"225","u(39jne.F^8*"
"226","JK6aJ%..JB::"
"227","G+0,&uJ"
"228","pA"
"229","ڴm1y-J02^}KJP"
"230","j"
"231",""
"232",")iEh$TGh4+reNVYA%"
"233",""
"234","eHX^^dqlV*--'So09&IR-,"
"235","=GNHڽ+؅J!ٷcÚM^ʙWU,vmY4όרUըXACeV',>8Ei頳O?ɛu-~ΟviJ"
"236","sZ0"
"237","207gԬS&O18UI""TQ|kISavδJyqС;W\xӻ"
"238",""
"239","$""0lٹHO?ԯc_r""[{HѢ"
"240","|؜Ң2I$wcF_-ZBD}Ə"
"241","jI\MkWѶ"
"242","k+Mvv%jF1~f}"
"243","ԦW϶M޾qu+lG~Q[ƞܽj|X["
"244","0i4~Ky>}S%JBm6TonK_?Iۼ}Wڃ"
"245","й""CL"
"246","F*P[V"
"247","Q,iM"
"248","nJ"
"249","2o7Ȩs5:8n;;tđq[߉7NbrF"
"250","ZD_0]oߏ̒zxˑgl@5R¼Y.JL{ν%"""
"251",">3FR[aZ¸q"
"252","!Pbv۪x^x~j҆@OJYyII^lD,&"
"253","GMXĆfaCWfy]:y9Km콯ܼG!K.sKG켲UQɄ1"
"254","]2=z"
"255","3pD,13zH,`c^6l+sdҕ(t-ƇUș8PҒtcvkl̋uQ:'bV/qT'x~ok4;+XbM4lL""25u&?|S뢣qj"
"256","Be[tY*VB[AةHd07+q|`נk[[ԹNmkgA,,mNxtW`+`.FyEWll"
"257","tߖA""Hl613˔*"
"258","FE""L&R7jP;V``N*)tB."
"259","Bˤ8As*LfMS"
"260","cfa6u""hK-@JLRAR""ԇĨR-@2xAP`^"
"261","p!bmiOjShd"
"262","Wp.Աc^}fK{HܜS&3gLZb"
"263","NHc'ƕ6zqx-ں)8YFdlEv@H׹xyqL"
"264","!n|G<iɬI`/Km{"
"265","`FBdmrew9dw"
"266","QiEƂ"
"267","fZ\=<w\;h֭{utPd朹k*V4ڶyXvqhA\4&A""aAorHQ"
"268","+ʀ*_WYI"
"269","]Tyz5vQ8g'[0zxzY\J)"
"270","\9:sI"
"271",">.$""k{'KhK"
"272","Eo2RghzKD7vHo(O}I|̔2ÛZMя~v61?VNb0x2T(x@Kݼ<I8II)Jžo"
"273","09п"
"274","%+VNMvu"
"275","{iHW^wt79Η1[VQ"
"276","E2tt~uMDEIǍ[䗮߱ڹt~*ʪ1OI^"";9󓖉Tv7ÇVi-1ZAxcs`~!w.X6*)&lp{""6oښo=,(,E3rJD@\ck?xbqq%w"
"277","4-TWt"
"278","$`JBq6naI"
"279","Cb]X;p[V"
"280","=7'Α㲳Yl"
"281","51"
"282","QOrAb0-i"
"283","q[Vc4<JѤR1yS"
"284","x9]3yԇ<asE̶T,"
"285","57.5Ģ!='m-wq;"
"286","̣T*<ܔ^ZA8FBg:mJ!~j?Ω|}<{CY"
"287","J5~\~\D3{p7rWC!5Z$z(>Û{{pjouf-N@D6sq0߹}g)OcNc7ƕ+nMmݵ.6/P"
"288","R]^ij"
"289","AH"
"290","6,j춫ox9uI"
"291","Z{Kk$@Wkv%ou~Qmq99;ggqG$@B8UYSLlDBTQ"
"292","}HKI`nڮۑ+/X.97n^03G[x"
"293","ߜ:8g"
"294","=G}MOƾOKWVjcC0F%)}boaXyEkTyE0;9N"
"295","Q69R^VBcrTrII"
"296","vQkx*bKkk"
"297","9Ϧ3cmx֙u`qj4r+h>$Йk^|DċEJ33"
"298","E>\n؂3B"
"299",""
"300","tL@"
"301","D&"
"302","2BFLڀ룯>ԹQoejWkP-*"
"303","2䤵Z="
"304","r*Ṷ֝"
"305","̬[GEcRoVAnK"
"306","'"
"307","IߟWMe6%E"
"308","ōd"
"309","3>\3VpGJJ^5پc5VFd[vgT=f(/S*}Ͼ]RH6m?daa^ZR3y("
"310","cc9z&O\z]>C>ܻgWO::ͨ:9G(PxլĄQ?8IJ`IeE-;̎UlC]RƻM"
"311","BiWoEi>-CBzkmoNi@!\Yٚ[$blG)1HO˧OW"
"312","D"
"313","6e=gʜdTd""FZ{v~1sD_7F<$ܺr}x@M{ZJB2hCv[|Ԉc;W,@c=1"
"314","E$""E,2v"
"315","٫P)SL_z)Jאg`f4k|-t5e)+{&*"
"316","nۼbafMw}ԾϿiۚA14,Z(T"
"317","ٽm0[GEI"
"318","h~"
"319","6"
"320","@in+gM@q.gsȉ+Qzemc*,viFX[jT'%/'L/%"
"321","jN߸yi6kr"">M6Hh:Еj"
"322","ecy3:{{u]5|<B""FmJZ1`umN8;"
"323",";XJ&UU<ə+׫mvv6'<t=v!JA^2B"
"324","E94g"
"325","$ܭZSR_0g
hE6%d)V(4:Q""C
yW]dcZp!uVGPN3fZrkٶQ/ӯ_L{4^=lV0<SSy-0"
"326","lKiY2_ٰkfrW{GwR>'"
"327","|Mi+@NB~xlzm2ޭ_?͊CsLS+Ǝ1aƲ6MzGMHZyis."
"328","ԺsOJNG!:oNҥrֿ}"
"329","㴇6,[SxR4|ؘ+P^6CH"
"330","_?O}n@zny"
"331","ë!nj竮xu"
"332","qhkRq֜/_2v&uV{u6El""DG'GkK3wO/K\TU("
"333","hb"
"334","Ngj"
"335","lO(1\CZ8']2j("
"336","$cl++bT*峴޽M=]mW[ΙlGFo}0~o/=B*\!"
"337","5KP'PA""ܽ~1cߖnx@[ѝCPA17rx}qiz+nxIa̐'wmT*"
"338","nLӢҒ<iͥݵyvV&y?YƷ:aR-FA@1SSM"
"339","Ah"
"340",""
"341","65)߿I~2O!f>T^yҸ6/h{WؑLfm]o־ǵ"
"342","BH"
"343","5`!UoP3l"
"344","?&"
"345","}^irX]C8iڿ2i4"
"346","ɢӟRbA8@ޙߝ={:A8sG?oRrx<"
"347","t>J$^q~K?}pvn`zm*TٶQ7ʶP_`"
"348","лsDn^iہ&6.V\X.be/ikaqj%q:hj\kOKŞUerY9MÓ<,Sg""y`X$e3~cc"
"349","JYa՛De}dښ:e%U&f~lm6'yqTv"
"350","P""?~1GNvGOYf0ݱ}`Fm_,O3|Ϟ=NVOefϐYG癘[0I!y]!"
"351","o"
"352","Wغ[d^5"
"353","oqhMCJJJz҆Jhy"
"354","ej6qn"
"355","ʘNV/Q砡ZX"
"356","8szBqI."
"357","*/g9oh!رXh4^͖D&cH}H1"
"358","U"
"359","hKAYl6E)Db"
"360","t*~I&;//?m%o(""j֧/!L*۾v)l3nD}V3(,XaϜ3'<`^Q"
"361","ބ2"
"362","H"
"363","aҤ"
"364","O]i%{W>bnܰ["
"365","CS3ak+7uF'%pޫgV$v[no^,KEbg}H^eζNmyZL08vdb[:`""ٷiխ('cj^{[NeSoo'{&M-͹9w~1ind0"
"366","8{ؐ~NWw\|e*qfnQWn(SR?0avOn^~9dX؎5T[>Q8H'"
"367","nKc)Mꀧ{Npm֡@cqL=A赉W&BDl׶aTI@T"
"368","En`ZRFLxur|Ed:zp8FIZ&E""lYPH}|TRu9@Gc3jf*jvЀ%t"
"369","K]<qYO<_=}{wQI$D%Ecn=|:Py=.\<0ijqI9lD"
"370","jD426~ReZQZEUlF]"
"371","YO߾"
"372","Rs6V־Er"
"373","sV'y4Tue33.^2ws,hl_i+wZS*_++ht9LL^455RA'bj^+ׄrG쭻vع9]rAusڥ/]:bBaM]Vm;1{ѣkm1ZCVNj^Wtr$xȰI%¨~}L=fZk"
"374","X)kV??A"
"375","'F["
"376","D/x"
"377","fp+E{:yFEBdAU8<aBEWVZF"
"378","ӊ\R($*\éL4cuޒwQ+j3"
"379","fc6W"
"380",""
"381","|ib4nX6T*`׬*,1iĤ9n={`:|`BCg"
"382",")7mwzЀ$@S"
"383","uKMի6Fk'CkP֢!smuQm/x4wk@G`T8O-dRp7y~g'kni%[:y4quqů&Smi4\!P"
"384","Qk+`0$""0˛ͤ4P8>KZ뇗^6\&[l}5kv"
"385","3~fD"
"386","Sax"
"387","y-;mZ:%s@>mb3~:@PnC<bԳsk_"
"388","')4a&TbX4@2""^[Ӗ͂Ә\\A1<^C""S߼y"
"389","enn^fš""!TnURc12L!|%ӢU<7n+*6fR,Vwo{TTE&->ՕeJT΃,LP~"
"390","xMdSsXuھmZS"
"391","&@D<F%rDBa@`6A1iQmeiߕgZ"
"392","nxlsJSF"
"393","yC{uX~ׂC"
"394","[$,ޠ1w5@sqot-^:k3G[%.Ϛ6~$<V(X$`FW)d@"
"395","lƃ6(ԄxzN0ǎ"
"396","S驃_Nz{"
"397","'De/̙"
"398","<iY4ҥQ"
"399","fXJpwBrQbG(-f)BZjڱ"
"400","H$"
"401","=o2CL2p:H\"
"402","XAqy-b"
"403","fh`0X9$ƅ"
"404","uB.נ1<ݴ]QQGa%׃ƱikT*ETHmB8=ЋL&]A`mLUiGjN"
"405","ZY^"
"406","D`Fhl4ĤPt&R5Y`"
"407",""
"408","@HxH;1"
"409","J$;!aP~0"
"410","vhsr""YUyW/8f~^2Շ8c('{vN,?[r"
"411","Ĩ'"
"412","	|/Wj	b1FN!gN>[hgő^kȶfM;x>yOf
NͳOo>tkFS͹$ߡڅS.=+˸sܑϾJzKA̘;sߏ

Ap6`|֍J+زgHH}qgϜNZ<˸7b1*!1PBTv*x8sG:>2}n#g,}V
wmYnˑ[6%9g&ɒ|v6.68ܗΟhleJԴ̯󖔕RZ%Lx扷^ƁDR"
"413","g>Gt"
"414","d(yu@ӈwɏ?{%xީɉSlFTV/GzCo&tzVJZ!ve1g<z:qxVSIC"
"415","/<ƺ"
"416","r9"
"417","i{B%hmA3A!%RUX}׏ɄI1xXJ^X\ackC]`{Ki~%O/l,P"
"418","\&yսA6$$*Ю;V][M*cXLݳ;OIXTߒpz;UvMhA=F>{ˬ?,,-"
"419","lq]0wԻF%*}Xמc"
"420","\P6xҨdZս\d"
"421","~4Z!u׾\bXUR¢RE]:v{4k7^S/ڏ8-c`Z/7%ޢ/]mWioCOزUۢH{1Ʉm[Y4s?bƼ|ӏ"".B+5ơ՟RPVUYZ.FaETn|SzwjYYQU*HAN)TE[dբ[.͒69yOSį޼wlݾ,e%wf;wfj2ׁ?C=3$K&eRaEiFBj1s7޾L==]7.N""GBD@"",6f535`j`~UU[8>`Ș/5="
"422","O6QZxڴZ-mR{gXaǎ"
"423","0˙mΟߦO{-ȋwn^(jʔͿ`i4FlשGNj%abk:U$`L+⋵xՇW/]"
"424",""
"425","4d)n]Y%03""䨫7m_nUdhh6'"
"426",";{>yZ!nݩ"
"427","+3K@I^?jM&L/)7`+x~ƹ'/8,'++Ғxs"
"428","ꖃZY;A.sL8SdB3B"
"429","r!]*0"
"430","OXYґ=x{To]w1Z4!"
"431","]!@f-sb89H"
"432","Ъ}G,?FNn>P)ߨs"
"433","L"
"434","RIT*)..A+2"
"435","JU)ZW2)ӖkgQk"
"436","bR*B""և{E&SH$&"
"437","2"
"438","<AˤUH?"
"439","`:2$8"
"440","Eb!|<""`%@K<^WynTQVRヲmY߶-&YG<̠JA"
"441","OY?ݽ9"
"442","۷ܼ8XWG"
"443","A"
"444","L@U)d޾,ncjjA&&ܽۖ\|CnUGDmٲS1St0^'١["
"445","fOn詋:QaTh"
"446","KW}k'-pϙöɸsԇ|V*7oHa̞lӡȶ^2s|:gm8d^e-km~r"
"447","_g]MS,[sY""Cj-Nw-*GIY)qɚ7\idfOi"
"448","Dl/E[n,tphҿJm"
"449","DE8'4J)`yA!E[~Pmש~i"
"450","\?OH7ٺs/^B^~v>5S9E-ܵ4^A,!<ϰmz%owj"
"451","kaOE`К5kZyr0LdK`VLN*L""eKV7a2ΡO']5,Mηfݿqm.<"
"452","d|y"
"453",":5""ƺd"
"454","]NA؆oZiۅۧjeѱ{w7+*gءH-^Ӧ5em^q9"
"455","dCQz[:S$`Fv[pBg̜sx,JZ;SUٯ(WSS'lpoȅI~0qDc۰^!WE""D)?yc{<<^"
"456","9A&֡8Ϥm\9/8l޴aܴdP~p8'h?'OZpV$"
"457","^"
"458","jliI4fy&"
"459","|FfT&߶<z`Mj*}!+;?WpTD(O/oB*2*I%"
"460",",i,L"
"461",""
"462","BH""SHDDT:*"
"463","dg!C*5Z*T*)2'D&."
"464","봪,t-Ϡ"
"465","wo}abe2"
"466","XJ"""
"467","<X8o[{ó51`%b"
"468","J&""m|QsP<T9fb!zF˥<tB!z"
"469","Q+8M8CܽG^<@{n\:⽯X0켒͋$[wHoeR_<bffn];KWwBP"
"470","֨եKs6+qkGcHe{"
"471","]tN+"
"472","+hR+ۑ=0|Æ"
"473","E,/OI@}"
"474","HjӶͲ5=nh"
"475","wPGݧ\kŀ'0f;اH-QB_"
"476","8DB,`ʂ9ipC'yj{"
"477","~.Y.;iJL""J-ݜ]TF!8$TNxQiนIĵR[O=rv^>sX"
"478","3UgGE+֎R*==>}NqC¬TqS={I|+ݹ~3c"
"479","&W^Zֲ"
"480","lL`8.7AP-w1)L̙>mDJ^pKxt*++[sHo89M0-?JzÖ矧.nBFkgv!^߿}fʔ"
"481","jͭ,6KŨ5EUھZ"
"482","M^8l""I"
"483",""
"484","(xO6kpG4=@"
"485","s{!"
"486",":.2ZGDqtǊR&^}sŝsK$JKq0LDC"
"487",")p@1&J2Mhn-<~W;O8[z~eɲ5b4ff,&M)+:sGaq%z.}iY,4jD=)ܳa"
"488","^Ws6Ȩqj'"
"489",""
"490","ZhM[,oOS]]Ig"
"491","GP"
"492","yʺpb_lˁI"
"493","@,N|cD)+L^6JqY2zH-374:A9uR[5;6^/jJ2sNB"
"494","WR`@.շpht:C֌ɷ)}p2͟Pe:]J5[!Vy<GVs<Ʀ5NO'rMF"
"495","@@"
"496","lZA"
"497","@"
"498","*6-6uɮooRc|-"
"499","ݢV{"
"500","""6r:K<.WKD5o=?ZLSDp`9f>_ir"
"501","D|NfFzX.^7._y?OqA>=k"
"502","[Bܧ/FSԠ9ޥCdZcy?ddaqqyd>ya\aY{2tAǅ""Ë?}Y%m"
"503","{^[@0s>JS=ij7.:~6U1c89zQ7e듼3OȃkuꄏR޺z&~Љ3:.kҺU("
"504","Hnę<t~}v'/_LUGYd*"
"505","YqlϧuJ恒~k|\rh'/LuI]۷ѯ]R?̾x(y"
"506","JeQQP,}r.,5&MxqYѓPpA_Eu]6"
"507","=/^7SQHzo"
"508","/~"
"509","ee?""w-gDбq5~[3z-dFb>轾zvjbz'i^HB||<Dӧ,+|_r1."
"510","2i{/]big=ki?(mmC"
"511","}]b7:wm&Ljo?zs@?"
"512","PQ+erѨ/{U03aQ"
"513","6ngdGyKV""''kFT$j6s8*)ү>5eGNMޖ*961+5@,_yiRiz"
"514","F^/y-^Φd2ڗϧۧR95%|XLua"
"515","36FF<:ju)XJjg$=`>>E4q,"
"516","gX,J""!BHkiO3CTͪJpyt[V|M0Ffa"
"517","`$o@"
"518","yЮS*""q\.~RPJ"
"519","̍k4MRe֝DBDb1JծջhbB"
"520","^?>~ED*AF2B<%DiV,.&"
"521","Ha5ACGxpyt"
"522","x"
"523","7/{2uǦԫW'K}jKZ""X"
"524","5;11wn{xuY1KociFǢ)ScoMپhF"
"525",".qy&س|z3ԹSU`G~â"
"526","05"
"527","8|_{槝o?K30J^i"
"528","TVH޿gGf6"
"529","m[*_{y"
"530","8:k2jjMyY)H8^nRR%r{Mkp3m/V9"
"531","T٫Nnݱ˒Cta_2y̦;ݺ?g?1t`Tgui-8.Vn3ec72e-ٷ{ӆ-?Am2ν<yܕ-zYaل[v[uAc^za%tkL*'sF/߼$7ޝojA_ZD$V)Ui)\a<.W(ln.1\2%@ծnk""2>s5iW}"
"532","T[kk
v`weVl\:5F̜2noڹ:	m,""UkI{J9ah
ӧsEǾ=ֲ}G`ocǍ[^s&Vt+㰑&bwq!ēݟ~Rk"
"533",":wy1vx凊-ZMe^>K"
"534","_zen[ڙ2|`w̨ui"
"535","P4a^|UWߔ6vVX$4A8or6)((n,瑁ҲU6ݻ{oK!SWN2~2%PObjE%IC}w""Ę{L"
"536","%7o"
"537","8"
"538","<<?{D\i^.x1/֡=_*Pgq*Hݐh$H\\O1lMd9>݋$|鸄qݟzDs[S5gЉS2<7K6Zmū6yYFC**))aWorCݖ6;|V"
"539",">V!'lv}췵֣oRBY۪T*L"
"540","Ys2"
"541",".yφO04lԃnkM)Sp7u;`"
"542","ĎlDjSrŦ6~TorB4d~iJ_+T-y\a"
"543","\ҴԵMzkII*"
"544",":g'KpE8:lW'kcسHH&M5ؤqiaʤaaO%8""{pW}u[{DAZ;A`*T"
"545","ZM9JF_aYhuV1AZ3=N:=i1$F"
"546","%"
"547","蝊ux!{lӀÅIzDJf"
"548","0k"
"549","0kPB"
"550","R3H~z5"
"551","d"
"552","x9Gb"
"553","+5"
"554","=0@1kk=0@a}5v5f0,0sg9KfUdgOQvhmg4w*?PoMd'Wi(5g+8L~B{"
"555","|'G~v]dov1-:,Լ0{?)\l0"
"556","X/Cb=ihض!M"
"557","AOPg&."
"558","%"
"559","\a;-`mXMgkLVihoa?;Y.7^a"
"560","d2-D)P84ǘӘFך"
"561","&c׺Zl6=HS}sAKHaY%"
"562","gahniz&"
"563","4`AFz8C++RU"
"564","h;WznV-3ńIBZ%$9$sr}9wK8))'TbQ)^9N"
"565","Z(s""KpMgAǼAxCX"
"566",""
"567","kX۴,]LLQ,E2E;~)R,(Qf-LZe,J0*vvV櫌C۔͡jM)xİx7s<qAcIb/1RK>LE>clYtUO_vf+_"
"568","K`?K1>âoG."
"569","BP>i@E>R[Yqn)""8cMk!_R(=kjC3p`[yG(}%"
"570","A+)CmVjE]PtAѿ!E+rYQlH肢.(hGOJqQPtAEStS.(_ev]dE]P^k@uuHBɚ&Qם"
"571","\s2|{vP@zeV"
"572","%9<]?:]~vKYڥ"
"573","}"
"574","o|bj>.!f""D'3qщ""6}^Mx0ٷ,d(||~"
"575","Oly+u6s}E?ɛp?S|E=wǲ`ߐKyۚq}X$0qȭO,ᣘT4sW"
"576","<h:CV{J]SRyIW?l$ǂޏ5_r-?|v/!%fEGP|QNӚ%iAFtA7{!9'vfW<lB93EwiWzMmy^dt㣷[➲i"
"577","afĂ([`]¿Kwo>,&ם\[ܜ9K9V\t$]nPKYR"
"578",";ԍ%M9GN4%JUv.4|5߮ro5pMgۣ?olFuIɷjM8oɛ&z~e>Y_ߎo1)wǟ-goO/ؤS7~Am9o^FI_ߌOR|=7o~jv:fgOnVyNy6<f6;^cx/n?p׌QYtb^+n|/,?*b"
"579","*bqO_ybtd1L~Ew_0=;<6@}u1|""|2Oz<~;Nt-"
"580","tG˟Ӣ,""~jlχfJ"
"581","1ܶ]GF,>L$hN|oF}0N~{tItHq=`U&?5Q4X"
"582","7xٷ`ztrӽYU6F/74(""?)?,9Kl"
"583",""
"584","lEV7.Y]gee\""K*G2=صU4&=w"
"585","5v+e|ua&Y""e""9Hv´o_gt!l鸓L"
"586","q^K6nsMO6dSWS/٘'?\ɦo""|'9ߟl9ߘG%WkPϑ""`'RG_՗dI/Z&]oǋUGgV|Or{8ٴ,7㫠i.O?jtm=|ь?瘷s6OnƋԓE/<Eo~8qo2ϦLUǌx߫Ej"
"587","_"
"588","fBԶBMNϹk[VZ'Nz5tmYm1>GCnx￙CStۏ6<=(yۃ'Y))C0O}|>{]&&-[O""DaO%{Jhi6[_ƋYxuX=,y|~;ٽ"
"589","rxYI>Dߗ0WBq,BHrh(0턆∝i]^&+"
"590","6\+5_2d\Ӡ`K"
"591","8R`VowfKȊAl^oAl{={.:EVYv@Z"
"592","J-;f"
"593",",[OsaK"
"594","æ>5*G{IPM=5`d*+~TZUJQ{=OUVoNrdђh/+@"
"595","c)؉D"
"596","Q0V!̑ӜYe4:ov3z&'e"
"597","·A<0{̅MYe"
"598","nu{BudWڻß""9V$ak7ǚĶ)Mt[ܢ)2d[""y5`+IeBɃ>@7SV~rU\FW~Zۀr]q{͠vx?mAuѠ_.]"
"599","hZs?ӫ"
"600","nn^4[$1esQ89uٮ8gjswm5"
"601","Z"
"602","H67u`,$G1v/~r}Q_v^;K6U6as>l"
"603","-/[xRm8Yv+""f<7Pw4H\vG{>S`""l-4ܽVFA[rH&U[\""VAabʁ{P*Y>m9]x"""
"604",""
"605","EjMAy?ih/$YͭP"
"606","mlRX99h-GDRV"
"607","cڸ[-'GཚjǓx0N2uavbM;5.lU:AmSdҤ'B@kYOR4(RH%fpImc"
"608","2ZKXpEXs+4`NYG_h݉W9m@iK""Ѷܴ!L1E'![1!.$KDv[\9ovγ]G}S|8JQ"
"609","<9i/rW`vĐ"
"610","Ҷ|%m4N':6B;NғXFpW%""Vrvl[b3""K5PiG9c4!|؍2a?8*TB\"
"611","v*xD2y\LL*E"""
"612","A"
"613","/Ke3O{Γ2h$ak`(8'l~@u?gÜfz"
"614","y+`*+)ޫz8\׳5uxzǲF'sVxbLXZҺPDk&ⓉXZỾwgpIiGZ0WՂK,XA)$"
"615","%=`pD~"
"616","X){02hid{\@KZ\M&Uq"
"617","HxQ""ƿV8jB/MkF{h"
"618",":ˠ_h"
"619","{ڭRn1b:5k}Zk8xb3$)K:<G"
"620","1r*db"
"621","i{<m"
"622","sEZ\i"
"623","{Xr8ljf*:q*0HG\ZF>w`Ν0lM>OhbipN䁨~Xfj1?xy:d\W85ޥIwϭ'dؓsWz^[h""H!Z,D_,EB`1]BUlEEaiGavG,N2yN"
"624","!jzčTjL8(\F9ɎmASx,^MsFVc+_^.AYBk1siM$VBj6.-hr&MH}P_ڱ+|v70V)jҁ-<娥M_݉4`jNq4dXr2SK4JCװՌ~$>"">$5u4X6pw2$ec"
"625","W"
"626","mtB&QIk0nZeHKȖBB{2O{8>Fco"
"627","&bŲqVbMLUѶ"
"628","H$.aNĥ!ϡ.\ˠ{[xpf٭,"
"629","åH"
"630","ˠ"
"631","+<J$Y~vS퇢.K;ȕ"
"632",".h[1!Pmiˠi^B$2ɰ3:*1ZQ"
"633","FɎ/<"
"634","H!8"
"635","O"
"636","9-|G/J2h$iK)|q.-."
"637","ևV*?~CkmP;ɘ\"
"638","|KKťf񀷏$ijlyvzaG2v975iM'+`"
"639","+8C'86-=F[aNYBڭN[&<yF"
"640",".ʡ"
"641","`,DA"
"642","XHY\Zh]≉ĺ"
"643","qp/p^✭3R`"
"644",""
"645","D<[2Fka]L:!0ߪțmus'94l8rˀKB:P_`!Y9ү'eғIħ9><ɛuԪ'_nE&x"
"646","&LH2!]w]qҋcuM=X\`&>%fl@qbSIG9dH,"
"647","jsc"
"648","apIXd0|A˸M\HxoA>'z|"
"649","ugH$SuIӞډRZ_wZBnBv/ZA8"
"650","TԗFkZPWz"
"651","F*hPDZ~u9)YιAu;C̾QQQ"
"652",""
"653","E{!KujK2vJBX>SapI|p\m5ψ3jzZ|i\&"
"654","=i4cx>z~;R!-AkP@"
"655","NHt+Hf4}*,."
"656","jJ१;Wihuu<!y2$`JWHjˠZe%p9j}t""k>،*qádf"
"657","~<h@"
"658",".x+"
"659","4g4"
"660","yLGe"
"661","d\W85~׳̃/;į-`O"
"662","8hnp*;gN|oaN]cq4j^mo8FYk5G,Q6d"
"663","aQXi8s_J<dH$!ud%t	0^ɳ20$x[\9[mWly
E,!r-$O]=5S ։'0ʶP)b)Ӂږ9h]mpI(<+0C-VMbj(V!ͭDWas^.3C""	Y9f<Q{5gHz@R0SpPDgֈ
跗2hPyʰ%aާAh@FS_󥵅)GX#%Y!f"
"664","0+V""e{𚗲t<l"
"665","wG,."
"666","휶"
"667","!CqIǳ,F;w92IktmSOUYNChC˺SW1.y3$^(7]`5-@ߖfʰ%!=T9%aVx_UDXa%s-""ءrsV^*Yv"
"668","r}!J$o2dxd2!4A"
"669","V""IHʮA"
"670","3(Q+EߗzNE{F3c[+D"
"671","Vs"
"672","<FzcHy""fcB!-4dÓ$*ҘRRIZpEf:YWlN:~M{ZB>"
"673","mlm,<N4J,??{<"
"674","ɚ"
"675","NĦH\<T&"
"676","jO6*[:/p"
"677","ke0N4U(G(V[dӌMA.;ķPKwi6"
"678",""
"679","styles.xmlZn6hɔ㤍؀(R@vܟ{=՞dHQ+A^{I^ʹ˘%BR/$=G<y?}|\W.yЈ,bm2@="
"680","姱uJ&%b4XNTA$@`:/94kήm:"
"681","sbtp3UfTu@|/5toy%cilCHb4KtݞsjraxzwTQGGfSg}n"
"682","IovΩ[kᥪ{-4q:3Mdwˎ?GT߿LC1n"
"683","V8H&eWA"
"684","̘-#\VgHCcJ9S}}A/"
"685","8qHƴ"
"686","Bi|9"
"687","fWQt렐y"
"688","=:"
"689","aR"
"690","@"
"691","LʄtNK3Q9`Ӄ<`+ވ^཰\|hzczu"
"692",":;VSzA?sL~"
"693","UO9""n,AKeՍYْ;_$⤽EWWPKBd"
"694",""
"695","
"
"696",""
"697",""
"698",""
"699",""
"700",""
"701",""
